-- MySQL dump 10.13  Distrib 5.7.29, for Linux (x86_64)
--
-- Host: localhost    Database: supermath_db
-- ------------------------------------------------------
-- Server version	5.7.29-0ubuntu0.18.04.1

/*!40101 SET @OLD_CHARACTER_SET_CLIENT=@@CHARACTER_SET_CLIENT */;
/*!40101 SET @OLD_CHARACTER_SET_RESULTS=@@CHARACTER_SET_RESULTS */;
/*!40101 SET @OLD_COLLATION_CONNECTION=@@COLLATION_CONNECTION */;
/*!40101 SET NAMES utf8 */;
/*!40103 SET @OLD_TIME_ZONE=@@TIME_ZONE */;
/*!40103 SET TIME_ZONE='+00:00' */;
/*!40014 SET @OLD_UNIQUE_CHECKS=@@UNIQUE_CHECKS, UNIQUE_CHECKS=0 */;
/*!40014 SET @OLD_FOREIGN_KEY_CHECKS=@@FOREIGN_KEY_CHECKS, FOREIGN_KEY_CHECKS=0 */;
/*!40101 SET @OLD_SQL_MODE=@@SQL_MODE, SQL_MODE='NO_AUTO_VALUE_ON_ZERO' */;
/*!40111 SET @OLD_SQL_NOTES=@@SQL_NOTES, SQL_NOTES=0 */;

--
-- Table structure for table `friends`
--

DROP TABLE IF EXISTS `friends`;
/*!40101 SET @saved_cs_client     = @@character_set_client */;
/*!40101 SET character_set_client = utf8 */;
CREATE TABLE `friends` (
  `ID` bigint(20) NOT NULL AUTO_INCREMENT,
  `USERID` bigint(20) NOT NULL,
  `FRIENDID` bigint(20) NOT NULL,
  PRIMARY KEY (`ID`),
  KEY `USERID` (`USERID`),
  KEY `FRIENDID` (`FRIENDID`)
) ENGINE=MyISAM DEFAULT CHARSET=utf8;
/*!40101 SET character_set_client = @saved_cs_client */;

--
-- Dumping data for table `friends`
--

LOCK TABLES `friends` WRITE;
/*!40000 ALTER TABLE `friends` DISABLE KEYS */;
/*!40000 ALTER TABLE `friends` ENABLE KEYS */;
UNLOCK TABLES;

--
-- Table structure for table `results`
--

DROP TABLE IF EXISTS `results`;
/*!40101 SET @saved_cs_client     = @@character_set_client */;
/*!40101 SET character_set_client = utf8 */;
CREATE TABLE `results` (
  `ID` bigint(20) NOT NULL AUTO_INCREMENT,
  `USERID` bigint(20) NOT NULL,
  `EXECUTION_DATE` datetime NOT NULL,
  `PASSED` int(11) DEFAULT '0',
  `FAILED` int(11) DEFAULT '0',
  `DURATION` varchar(64) DEFAULT '',
  `PERCENT` int(11) DEFAULT '0',
  `RATE` varchar(27) DEFAULT NULL,
  `BELT` varchar(20) DEFAULT '',
  `TASK` varchar(20) DEFAULT '',
  PRIMARY KEY (`ID`),
  KEY `USERID` (`USERID`)
) ENGINE=MyISAM AUTO_INCREMENT=517 DEFAULT CHARSET=utf8;
/*!40101 SET character_set_client = @saved_cs_client */;

--
-- Dumping data for table `results`
--

LOCK TABLES `results` WRITE;
/*!40000 ALTER TABLE `results` DISABLE KEYS */;
INSERT INTO `results` VALUES (1,6,'2020-03-08 07:04:14',2,0,'4991',100,'Excellent','green','green'),(2,6,'2020-03-08 07:14:59',2,0,'4266',100,'Excellent','green','green'),(3,6,'2020-03-08 07:16:24',2,0,'4222',100,'Excellent','green','green'),(4,6,'2020-03-08 07:18:28',1,1,'6300',50,'Quite Bad','green','green'),(5,6,'2020-03-08 07:24:09',2,0,'73261',100,'Excellent','green','green'),(6,7,'2020-03-08 07:37:57',2,0,'4855',100,'Excellent','green','green'),(7,1,'2020-03-08 14:11:36',47,3,'2195168',94,'Good','orange','orange'),(8,1,'2020-03-08 14:24:33',48,2,'664071',96,'Quite Good','white','white'),(9,7,'2020-03-10 08:22:10',49,1,'779063',98,'Quite Good','white','white'),(10,6,'2020-03-10 15:02:11',2,0,'1067714',100,'Excellent','green','green'),(11,7,'2020-03-12 19:17:33',30,0,'195541',100,'Excellent','green','green'),(12,6,'2020-03-12 19:52:02',30,0,'111413',100,'Excellent','green','green'),(13,6,'2020-03-14 19:09:19',0,0,'2369',0,'Quite Bad','white','comp_nums'),(14,6,'2020-03-14 19:09:41',0,4,'24113',0,'Quite Bad','white','comp_nums'),(15,6,'2020-03-14 19:14:07',0,1,'5454',0,'Quite Bad','white','comp_nums'),(16,6,'2020-03-14 19:18:12',0,1,'4269',0,'Quite Bad','white','comp_nums'),(17,6,'2020-03-14 19:18:19',0,1,'11415',0,'Quite Bad','white','comp_nums'),(18,6,'2020-03-14 19:18:25',0,1,'17042',0,'Quite Bad','white','comp_nums'),(19,1,'2020-03-14 19:21:53',0,1,'6883',0,'Quite Bad','white','linedigits'),(20,6,'2020-03-14 20:16:41',0,1,'8567',0,'Quite Bad','white','linedigits'),(21,1,'2020-03-14 20:35:04',41,9,'177539072',82,'Well','orange','orange'),(22,6,'2020-03-15 21:51:50',0,0,'13865',0,'Quite Bad','green','2digit_arg'),(23,6,'2020-03-15 21:52:03',0,0,'8636',0,'Quite Bad','white','comp_nums'),(24,6,'2020-03-15 21:56:39',0,0,'81849',0,'Quite Bad','green','digit_3column'),(25,6,'2020-03-16 19:47:21',0,0,'4839',0,'Quite Bad','white','comp_nums'),(26,6,'2020-03-16 21:14:46',0,0,'6567',0,'Quite Bad','green','2digit_arg'),(27,6,'2020-03-16 21:33:18',2,1,'9048',67,'Not really Well','white','white'),(28,6,'2020-03-16 21:33:43',0,0,'2644',0,'Quite Bad','navi','2digits'),(29,6,'2020-03-16 21:35:15',0,0,'11006',0,'Quite Bad','navi',''),(30,6,'2020-03-16 21:35:27',0,0,'22615',0,'Quite Bad','navi',''),(31,6,'2020-03-16 21:36:36',0,0,'3827',0,'Quite Bad','navi','digit_2column'),(32,6,'2020-03-16 21:57:00',0,0,'12754',0,'Quite Bad','black',''),(33,6,'2020-03-16 21:58:41',0,0,'6003',0,'Quite Bad','black','digit_2column'),(34,6,'2020-03-16 23:40:40',0,0,'2747',0,'Quite Bad','orange','digit_2column'),(35,6,'2020-03-16 23:41:48',0,0,'48904',0,'Quite Bad','orange','2digits'),(36,6,'2020-03-16 23:42:20',0,0,'3410',0,'Quite Bad','orange','2digits'),(37,6,'2020-03-16 23:43:08',0,0,'47024',0,'Quite Bad','orange','2digits'),(38,6,'2020-03-16 23:49:44',0,0,'7790',0,'Quite Bad','orange','2digits'),(39,6,'2020-03-17 00:00:25',0,0,'2599',0,'Quite Bad','green','2digits'),(40,6,'2020-03-17 00:00:35',0,0,'3871',0,'Quite Bad','navi',''),(41,1,'2020-03-17 00:08:32',0,0,'3064',0,'Quite Bad','orange','linedigits'),(42,1,'2020-03-17 00:08:43',0,0,'8740',0,'Quite Bad','orange','comp_nums'),(43,1,'2020-03-17 00:08:50',0,0,'7057',0,'Quite Bad','orange','2digits'),(44,6,'2020-03-17 11:13:12',0,0,'319203',0,'Quite Bad','green','2digits'),(45,6,'2020-03-17 11:17:12',0,0,'3029',0,'Quite Bad','green','line_4numbers'),(46,1,'2020-03-20 23:36:31',0,0,'15862',0,'Quite Bad','green','2digits'),(47,1,'2020-03-20 23:39:57',0,0,'2776',0,'Quite Bad','white','2digits'),(48,1,'2020-03-21 13:51:56',29,1,'433124',97,'Quite Good','white','white'),(49,1,'2020-03-21 14:14:14',29,1,'1303832',97,'Quite Good','white','white'),(50,1,'2020-03-21 21:01:20',25,5,'5329451',83,'Well','orange','orange'),(51,1,'2020-03-26 07:48:14',0,1,'21955',0,'Quite Bad','green','2digits'),(52,1,'2020-03-26 07:49:19',0,1,'30656',0,'Quite Bad','white','comp_expr'),(53,1,'2020-04-11 11:55:32',1,0,'2623',100,'Excellent','white','white'),(54,1,'2020-04-11 19:33:48',1,0,'2329',100,'Великолепного','white','white'),(55,1,'2020-04-11 19:33:53',1,0,'11874',100,'Великолепного','white','white'),(56,1,'2020-04-11 21:03:14',1,0,'3562',100,'Великолепный','white','white'),(57,1,'2020-04-11 21:52:41',1,0,'3360',100,'Великолепный','white','white'),(58,1,'2020-04-11 21:54:15',1,0,'3126',100,'Великолепный','white','white'),(59,1,'2020-04-11 21:54:39',1,0,'30366',100,'Великолепный','white','white'),(60,1,'2020-04-11 21:58:58',1,0,'4015',100,'Великолепный','white','white'),(61,1,'2020-04-11 21:59:53',1,0,'4597',100,'Великолепный','white','white'),(62,1,'2020-04-11 22:02:19',1,0,'2530',100,'Великолепный','white','white'),(63,1,'2020-04-11 22:15:13',1,0,'2329',100,'Великолепный','white','white'),(64,1,'2020-04-11 22:18:01',1,0,'3034',100,'Великолепный','white','white'),(65,1,'2020-04-11 22:19:49',1,0,'2295',100,'Великолепный','white','white'),(66,1,'2020-04-11 22:21:22',1,0,'2241',100,'Великолепный','white','white'),(67,1,'2020-04-11 22:21:45',1,0,'26197',100,'Великолепный','white','white'),(68,1,'2020-04-12 09:50:31',0,2,'5245',0,'Очень Плохой','orange','orange'),(69,1,'2020-04-12 09:50:53',2,0,'26669',100,'Великолепный','orange','orange'),(70,1,'2020-04-12 09:51:04',2,0,'37740',100,'Великолепный','orange','orange'),(71,1,'2020-04-12 09:51:11',2,0,'45614',100,'Великолепный','orange','orange'),(72,1,'2020-04-12 11:25:12',2,0,'3769610',100,'Великолепный','orange','orange'),(73,1,'2020-04-12 12:33:04',2,0,'55540',100,'Великолепный','orange','orange'),(74,1,'2020-04-12 12:34:20',2,0,'7777',100,'Великолепный','orange','orange'),(75,1,'2020-04-12 12:34:58',1,1,'44361',50,'Достаточно Плохой','orange','orange'),(76,1,'2020-04-12 12:36:06',2,0,'114380',100,'Великолепный','orange','orange'),(77,1,'2020-04-12 12:36:22',2,0,'131271',100,'Великолепный','orange','orange'),(78,1,'2020-04-12 12:38:10',1,1,'8611',50,'Достаточно Плохой','orange','orange'),(79,1,'2020-04-12 12:38:22',2,0,'20292',100,'Великолепный','orange','orange'),(80,1,'2020-04-12 12:45:30',2,0,'6407',100,'Великолепный','orange','orange'),(81,1,'2020-04-12 12:48:54',2,0,'14387',100,'Великолепный','orange','orange'),(82,1,'2020-04-12 12:52:26',2,0,'4628',100,'Великолепный','orange','orange'),(83,1,'2020-04-12 12:55:55',2,0,'5829',100,'Великолепный','orange','comp_nums'),(84,1,'2020-04-12 12:57:33',2,0,'15469',100,'Великолепный','orange','comp_nums'),(85,1,'2020-04-12 13:50:54',29,1,'533754',97,'Достаточно Хороший','orange','2digits'),(86,1,'2020-04-12 14:32:26',28,2,'2277316',93,'Хороший','orange','2digits'),(87,1,'2020-04-12 14:52:19',0,1,'17063',0,'Quite Bad','orange','2digits'),(88,1,'2020-04-12 15:08:11',0,2,'63672',0,'Quite Bad','orange','2digits'),(89,1,'2020-04-14 16:19:29',30,0,'65652',100,'Великолепный','white','linedigits'),(90,1,'2020-04-14 16:39:13',2,1,'8534',67,'Не Очень Хороший','white','linedigits'),(91,1,'2020-04-14 16:42:57',3,0,'5572',100,'Великолепный','white','linedigits'),(92,1,'2020-04-14 16:43:16',3,0,'123391',100,'Великолепный','white','linedigits'),(93,1,'2020-04-14 19:49:15',1,0,'3949',100,'Великолепный','white','linedigits'),(94,1,'2020-04-19 11:16:42',28,2,'1460973',93,'Хороший','orange','2digits'),(95,1,'2020-04-19 11:58:51',28,2,'2426869',93,'Хороший','orange','2digits'),(96,6,'2020-04-19 12:42:51',1,0,'3117',100,'Excellent','white','linedigits'),(97,6,'2020-04-20 22:30:50',1,0,'2462',100,'Великолепный','white','linedigits'),(98,6,'2020-04-20 22:31:25',1,0,'36573',100,'Великолепный','white','linedigits'),(99,6,'2020-04-20 22:31:47',0,1,'59218',0,'Очень Плохой','white','linedigits'),(100,6,'2020-04-20 22:34:35',0,1,'237059',0,'Очень Плохой','white','linedigits'),(101,6,'2020-04-20 22:36:50',1,0,'368797',100,'Великолепный','white','linedigits'),(102,6,'2020-04-20 22:38:15',1,0,'456238',100,'Великолепный','white','linedigits'),(103,6,'2020-04-20 22:39:24',1,0,'4100',100,'Великолепный','white','linedigits'),(104,6,'2020-04-20 22:39:37',1,0,'18457',100,'Великолепный','white','linedigits'),(105,6,'2020-04-20 22:43:27',1,0,'11007',100,'Великолепный','black','digit_2column'),(106,6,'2020-04-20 22:43:43',1,0,'24881',100,'Великолепный','black','digit_2column'),(107,6,'2020-04-21 14:56:26',3,0,'12285',100,'Великолепный','white','linedigits'),(108,6,'2020-04-21 14:56:44',3,0,'22247',100,'Великолепный','white','linedigits'),(109,6,'2020-04-21 23:03:06',3,0,'7050',100,'Великолепный','white','linedigits'),(110,10,'2020-04-22 13:33:44',0,1,'3745',0,'Quite Bad','white','linedigits'),(111,10,'2020-04-22 13:34:39',0,1,'24188',0,'Quite Bad','white','linedigits'),(112,10,'2020-04-22 13:37:41',0,1,'4641',0,'Quite Bad','white','linedigits'),(113,10,'2020-04-22 13:41:48',1,0,'2350',100,'Excellent','white','linedigits'),(114,10,'2020-04-22 13:42:12',0,1,'5740',0,'Quite Bad','white','linedigits'),(115,10,'2020-04-22 13:54:23',0,1,'4182',0,'Quite Bad','white','linedigits'),(116,10,'2020-04-22 13:54:38',0,1,'3919',0,'Quite Bad','white','linedigits'),(117,7,'2020-04-22 19:25:21',24,6,'468814',80,'Не Очень Хороший','navi','2digits_fr'),(118,7,'2020-04-22 19:26:25',0,1,'20480',0,'Quite Bad','navi','2digits_fr'),(119,6,'2020-04-22 19:49:06',1,0,'12905',100,'Великолепный','white','linedigits'),(120,6,'2020-04-22 19:55:34',3,0,'6680',100,'Великолепный','white','linedigits'),(121,6,'2020-04-22 20:00:17',0,1,'9900',0,'Quite Bad','white','linedigits'),(122,6,'2020-04-22 20:02:44',0,1,'6105',0,'Quite Bad','white','comp_nums'),(123,6,'2020-04-22 20:02:59',0,1,'11018',0,'Quite Bad','white','linedigits'),(124,6,'2020-04-22 20:03:23',2,1,'32718',67,'Не Очень Хороший','white','linedigits'),(125,6,'2020-04-22 20:03:39',3,0,'49110',100,'Великолепный','white','linedigits'),(126,6,'2020-04-22 20:03:53',3,0,'62878',100,'Великолепный','white','linedigits'),(127,6,'2020-04-22 21:48:15',0,1,'24909',0,'Quite Bad','navi','2digits_fr'),(128,7,'2020-04-22 21:56:23',0,1,'19049',0,'Quite Bad','navi','2digits_fr'),(129,1,'2020-04-22 21:59:29',0,1,'10097',0,'Quite Bad','green','line_5numbers'),(130,7,'2020-04-23 11:02:08',0,3,'286128',0,'Quite Bad','navi','2digits_fr'),(131,6,'2020-04-23 12:14:38',0,1,'6137',0,'Quite Bad','orange','comp_nums'),(132,7,'2020-04-23 14:04:37',0,1,'16617',0,'Quite Bad','navi','2digits_fr'),(133,7,'2020-04-23 14:11:23',29,1,'400395',97,'Достаточно Хороший','navi','2digits_fr'),(134,7,'2020-04-23 14:15:34',29,1,'669295',97,'Достаточно Хороший','navi','2digits_fr'),(135,7,'2020-04-23 14:19:43',30,0,'909918',100,'Великолепный','navi','2digits_fr'),(136,6,'2020-04-23 14:23:06',2,1,'7880',67,'Не Очень Хороший','white','linedigits'),(137,6,'2020-04-23 14:24:17',2,0,'7997',100,'Великолепный','brown','2digits_fr'),(138,6,'2020-04-23 14:24:57',0,2,'48584',0,'Очень Плохой','brown','2digits_fr'),(139,6,'2020-04-23 14:25:16',2,0,'75141',100,'Великолепный','brown','2digits_fr'),(140,6,'2020-04-23 14:25:31',2,0,'89393',100,'Великолепный','brown','2digits_fr'),(141,7,'2020-04-23 15:56:37',29,1,'103212',97,'Достаточно Хороший','navi','2digits_fr'),(142,7,'2020-04-23 15:58:29',27,3,'217236',90,'Ничего Такой','navi','2digits_fr'),(143,7,'2020-04-23 16:00:13',30,0,'322104',100,'Великолепный','navi','2digits_fr'),(144,6,'2020-04-23 19:31:16',0,1,'21557',0,'Quite Bad','orange','2digits'),(145,6,'2020-04-23 19:32:07',3,0,'7979',100,'Великолепный','white','2digits'),(146,6,'2020-04-23 19:32:19',3,0,'19640',100,'Великолепный','white','2digits'),(147,6,'2020-04-23 19:32:32',3,0,'31671',100,'Великолепный','white','2digits'),(148,6,'2020-04-23 19:32:46',2,1,'46334',67,'Не Очень Хороший','white','2digits'),(149,6,'2020-04-23 19:33:29',2,1,'78138',67,'Не Очень Хороший','white','2digits'),(150,7,'2020-04-24 12:49:05',2,0,'20006',100,'Великолепный','brown','2digits_fr'),(151,1,'2020-04-24 12:52:25',2,0,'18834',100,'Великолепный','brown','2digits_fr'),(152,1,'2020-04-24 12:53:19',0,1,'16131',0,'Quite Bad','brown','2digits_fr'),(153,7,'2020-04-24 12:57:17',29,1,'228442',97,'Достаточно Хороший','brown','2digits_fr'),(154,7,'2020-04-24 13:04:12',0,1,'174390',0,'Quite Bad','brown','2digits_fr'),(155,6,'2020-04-24 22:45:11',1,0,'2509',100,'excellent','white','linedigits'),(156,6,'2020-04-24 22:45:54',0,1,'14770',0,'Очень Плохой','white','linedigits'),(157,6,'2020-04-24 22:47:33',1,0,'2339',100,'excellent','white','linedigits'),(158,6,'2020-04-24 22:50:36',0,1,'3263',0,'really_bad','white','linedigits'),(159,1,'2020-04-25 15:18:14',30,0,'2524424',100,'excellent','orange','2digits'),(160,1,'2020-04-26 10:21:07',30,0,'2238522',100,'excellent','orange','2digits'),(161,6,'2020-05-01 20:32:30',1,0,'34492',100,'excellent','white','2digits'),(162,6,'2020-05-01 20:37:50',0,1,'11637',0,'really_bad','white','2digits'),(163,6,'2020-05-01 20:40:08',1,0,'5237',100,'excellent','white','2digit_arg'),(164,6,'2020-05-01 20:40:30',1,0,'10881',100,'excellent','white','digit_2column'),(165,6,'2020-05-01 20:40:40',1,0,'6814',100,'excellent','white','linedigits'),(166,6,'2020-05-01 20:40:49',1,0,'14909',100,'excellent','white','comp_nums'),(167,6,'2020-05-02 20:17:55',2,0,'9150',100,'excellent','white','linedigits'),(168,6,'2020-05-02 21:42:26',2,0,'5065542',100,'excellent','white','comp_nums'),(169,6,'2020-05-02 21:57:50',2,0,'203333',100,'excellent','white','linedigits'),(170,6,'2020-05-02 21:58:09',2,0,'220607',100,'excellent','white','2digits'),(171,6,'2020-05-02 22:05:50',2,0,'6832',100,'excellent','white','linedigits'),(172,6,'2020-05-03 08:54:57',2,0,'6234',100,'excellent','white','2digits'),(173,6,'2020-05-03 08:59:48',2,0,'6573',100,'excellent','white','2digits'),(174,6,'2020-05-03 08:59:58',0,1,'5007',0,'Quite Bad','white','comp_nums'),(175,6,'2020-05-03 09:00:11',0,1,'5270',0,'Quite Bad','white','linedigits'),(176,6,'2020-05-03 20:03:05',0,1,'4720',0,'Quite Bad','white','comp_nums'),(177,6,'2020-05-03 20:03:56',0,1,'5380',0,'Quite Bad','white','comp_nums'),(178,6,'2020-05-03 20:04:27',0,1,'10571',0,'Quite Bad','white','comp_nums'),(179,6,'2020-05-03 20:07:27',0,1,'4332',0,'Quite Bad','white','comp_nums'),(180,6,'2020-05-03 20:08:11',2,0,'4282',100,'excellent','white','linedigits'),(181,6,'2020-05-03 20:09:04',2,0,'12838',100,'excellent','white','linedigits'),(182,6,'2020-05-03 20:10:37',2,0,'4701',100,'excellent','white','linedigits'),(183,6,'2020-05-03 20:10:44',2,0,'19684',100,'excellent','white','linedigits'),(184,6,'2020-05-03 20:10:51',2,0,'25954',100,'excellent','white','linedigits'),(185,6,'2020-05-03 20:11:12',2,0,'4652',100,'excellent','white','2digits'),(186,6,'2020-05-03 20:11:20',2,0,'18646',100,'excellent','white','2digits'),(187,6,'2020-05-03 20:11:35',1,1,'32806',50,'quite_bad','white','2digits'),(188,6,'2020-05-03 20:11:51',2,0,'40142',100,'excellent','white','2digits'),(189,6,'2020-05-03 20:22:18',2,0,'4427',100,'excellent','white','linedigits'),(190,6,'2020-05-03 20:22:39',2,0,'4474',100,'excellent','white','comp_nums'),(191,6,'2020-05-03 20:24:57',2,0,'5108',100,'excellent','white','2digits'),(192,6,'2020-05-03 20:25:06',2,0,'4620',100,'excellent','white','2digits'),(193,6,'2020-05-03 20:25:31',2,0,'18417',100,'excellent','white','2digits'),(194,6,'2020-05-03 20:27:44',1,1,'110135',50,'quite_bad','white','2digits'),(195,6,'2020-05-03 20:27:53',1,1,'6821',50,'quite_bad','white','2digits'),(196,11,'2020-05-03 20:39:12',2,0,'79040',100,'excellent','white','2digits'),(197,11,'2020-05-03 20:39:22',2,0,'5097',100,'excellent','white','2digits'),(198,1,'2020-05-05 18:10:52',28,2,'2066056',93,'good','orange','2digits'),(199,1,'2020-05-06 14:55:40',0,1,'41414',0,'Quite Bad','orange','linedigits'),(200,11,'2020-05-06 20:29:45',0,1,'159700',0,'Quite Bad','green','comp_expr'),(201,1,'2020-05-06 22:15:07',0,3,'22471',0,'Quite Bad','green','comp_expr'),(202,7,'2020-05-08 19:18:16',0,1,'9787',0,'Quite Bad','white','comp_expr'),(203,1,'2020-05-10 11:19:17',30,0,'1067886',100,'excellent','green','comp_expr'),(204,1,'2020-05-10 13:44:47',28,2,'8631559',93,'good','green','comp_expr'),(205,6,'2020-05-11 06:48:30',3,0,'6165',100,'excellent','white','linedigits'),(206,6,'2020-05-11 09:59:26',3,0,'8570',100,'excellent','white','linedigits'),(207,6,'2020-05-11 10:00:36',3,0,'9353',100,'excellent','white','linedigits'),(208,6,'2020-05-11 10:04:16',3,0,'26475',100,'excellent','white','comp_nums'),(209,6,'2020-05-11 10:09:00',3,0,'6212',100,'excellent','white','linedigits'),(210,6,'2020-05-11 10:09:12',0,1,'4065',0,'really_bad','white','comp_nums'),(211,6,'2020-05-11 10:25:20',3,0,'78672',100,'excellent','white','linedigits'),(212,6,'2020-05-11 10:25:35',3,0,'7533',100,'excellent','white','linedigits'),(213,6,'2020-05-11 19:58:32',3,0,'5655',100,'excellent','white','linedigits'),(214,1,'2020-05-11 21:19:57',30,0,'66570',100,'excellent','white','comp_nums'),(215,6,'2020-05-12 17:15:35',29,1,'82658',97,'quite_good','white','2digits'),(216,13,'2020-05-14 12:27:28',0,3,'14834',0,'really_bad','white','2digits'),(217,13,'2020-05-14 12:55:58',0,8,'1707928',0,'really_bad','white','linedigits'),(218,2,'2020-05-14 16:20:12',1,0,'2119',100,'excellent','white','linedigits'),(219,2,'2020-05-14 16:20:28',1,0,'2596',100,'excellent','white','linedigits'),(220,2,'2020-05-14 16:20:33',1,0,'3046',100,'excellent','white','linedigits'),(221,2,'2020-05-14 16:21:06',1,0,'2551',100,'excellent','white','linedigits'),(222,2,'2020-05-14 16:21:10',1,0,'2218',100,'excellent','white','linedigits'),(223,2,'2020-05-14 16:21:51',1,0,'2845',100,'excellent','white','linedigits'),(224,1,'2020-05-14 18:41:05',28,2,'1444831',93,'good','orange','2digits'),(225,2,'2020-05-16 08:11:22',2,0,'13262',100,'excellent','white','comp_nums'),(226,2,'2020-05-16 08:18:36',2,0,'6720',100,'excellent','white','2digits'),(227,2,'2020-05-16 08:18:50',2,0,'4959',100,'excellent','white','2digits'),(228,2,'2020-05-16 08:19:02',2,0,'6498',100,'excellent','white','2digits'),(229,10,'2020-05-16 22:44:52',2,0,'3812',100,'excellent','white','linedigits'),(230,10,'2020-05-16 22:45:55',1,1,'9811',50,'quite_bad','white','2digits'),(231,10,'2020-05-16 22:46:07',2,0,'9881',100,'excellent','white','2digits'),(232,10,'2020-05-16 22:47:07',2,0,'45098',100,'excellent','white','2digits'),(233,10,'2020-05-16 22:47:16',2,0,'6843',100,'excellent','white','2digits'),(234,1,'2020-05-18 22:07:16',2,0,'14307',100,'excellent','white','linedigits'),(235,1,'2020-05-18 22:07:38',2,0,'7026',100,'excellent','orange','linedigits'),(236,1,'2020-05-18 22:08:00',2,0,'17782',100,'excellent','orange','linedigits'),(237,1,'2020-05-19 19:32:39',2,0,'5657',100,'excellent','orange','comp_nums'),(238,1,'2020-05-19 19:36:42',1,1,'9586',50,'quite_bad','orange','linedigits'),(239,1,'2020-05-19 19:37:13',2,0,'16466',100,'excellent','orange','linedigits'),(240,1,'2020-05-19 19:37:47',2,0,'4419',100,'excellent','white','linedigits'),(241,1,'2020-05-19 19:38:43',2,0,'4775',100,'excellent','white','linedigits'),(242,1,'2020-05-19 19:44:04',2,0,'5187',100,'excellent','white','linedigits'),(243,1,'2020-05-19 19:46:44',2,0,'4727',100,'excellent','white','linedigits'),(244,1,'2020-05-19 19:47:39',2,0,'52578',100,'excellent','white','linedigits'),(245,1,'2020-05-19 19:47:47',2,0,'7074',100,'excellent','white','linedigits'),(246,1,'2020-05-19 20:30:47',2,0,'4877',100,'excellent','white','linedigits'),(247,2,'2020-05-20 20:18:54',2,0,'5234',100,'excellent','white','linedigits'),(248,2,'2020-05-20 20:19:32',2,0,'5068',100,'excellent','white','comp_nums'),(249,2,'2020-05-20 20:19:39',2,0,'4648',100,'excellent','white','2digits'),(250,2,'2020-05-20 20:19:47',2,0,'5861',100,'excellent','white','2digits'),(251,2,'2020-05-20 20:19:57',2,0,'3985',100,'excellent','white','2digits'),(252,2,'2020-05-20 20:20:05',2,0,'4402',100,'excellent','white','2digits'),(253,2,'2020-05-20 20:20:17',2,0,'6425',100,'excellent','white','2digit_arg'),(254,4,'2020-05-20 20:22:11',2,0,'6783',100,'excellent','orange','linedigits'),(255,5,'2020-05-20 20:23:23',2,0,'3936',100,'excellent','orange','comp_nums'),(256,5,'2020-05-20 20:23:38',0,2,'8868',0,'really_bad','orange','2digits'),(257,3,'2020-05-20 20:28:25',0,2,'14424',0,'really_bad','orange','linedigits'),(258,3,'2020-05-20 20:28:38',0,2,'8121',0,'really_bad','orange','2digits'),(259,3,'2020-05-20 22:50:01',2,0,'5637',100,'excellent','white','comp_nums'),(260,1,'2020-05-20 22:50:52',2,0,'5837',100,'excellent','white','linedigits'),(261,2,'2020-05-20 22:51:23',2,0,'6210',100,'excellent','white','comp_nums'),(262,4,'2020-05-20 22:55:11',2,0,'4851',100,'excellent','white','linedigits'),(263,6,'2020-05-21 20:40:10',0,1,'8748',0,'really_bad','brown','2digits_fr'),(264,8,'2020-05-22 14:15:34',0,1,'4913',0,'really_bad','white','linedigits'),(265,7,'2020-05-22 14:16:16',2,0,'39654',100,'excellent','white','linedigits'),(266,10,'2020-05-22 14:18:48',0,1,'2984',0,'really_bad','white','linedigits'),(267,11,'2020-05-22 14:21:19',0,1,'150133',0,'really_bad','white','linedigits'),(268,13,'2020-05-22 14:46:26',0,1,'3599',0,'really_bad','white','comp_nums'),(269,1,'2020-05-23 09:06:52',30,0,'403222',100,'excellent','white','comp_expr'),(270,1,'2020-05-23 09:12:31',29,1,'295426',97,'quite_good','white','comp_expr'),(271,1,'2020-05-23 21:10:46',2,0,'4935',100,'excellent','white','comp_nums'),(272,1,'2020-05-23 21:20:44',2,0,'5081',100,'excellent','white','comp_nums'),(273,14,'2020-05-25 11:00:21',2,0,'4489',100,'excellent','white','linedigits'),(274,14,'2020-05-25 11:00:48',1,1,'6249',50,'really_bad','white','comp_nums'),(275,14,'2020-05-25 11:01:18',1,1,'25752',50,'really_bad','white','comp_nums'),(276,14,'2020-05-25 11:01:24',2,0,'4793',100,'excellent','white','comp_nums'),(277,14,'2020-05-25 11:27:17',1,1,'6361',50,'really_bad','white','comp_nums'),(278,14,'2020-05-25 11:29:18',0,1,'10590',0,'really_bad','white','2digits'),(279,1,'2020-05-31 09:48:25',30,0,'614839',100,'excellent','white','2digits'),(280,1,'2020-05-31 09:53:44',28,2,'236941',93,'really_bad','white','2digit_arg'),(281,1,'2020-05-31 09:59:31',30,0,'305495',100,'excellent','white','2digit_arg'),(282,1,'2020-05-31 10:15:27',28,2,'891638',93,'really_bad','white','2digits'),(283,1,'2020-06-01 12:27:25',2,0,'6229',100,'excellent','white','linedigits'),(284,1,'2020-06-01 12:35:13',2,0,'5176',100,'excellent','white','comp_nums'),(285,1,'2020-06-01 12:46:29',2,0,'5195',100,'excellent','white','2digits'),(286,1,'2020-06-01 12:46:37',2,0,'4064',100,'excellent','white','2digits'),(287,2,'2020-06-01 13:10:46',30,0,'137785',100,'excellent','white','linedigits'),(288,2,'2020-06-01 13:15:31',30,0,'78818',100,'excellent','white','comp_nums'),(289,2,'2020-06-01 13:18:23',30,0,'88005',100,'excellent','white','2digits'),(290,2,'2020-06-01 13:20:15',30,0,'75767',100,'excellent','white','2digits'),(291,2,'2020-06-01 13:28:31',29,1,'110041',97,'really_bad','white','2digits'),(292,2,'2020-06-01 13:34:21',30,0,'345196',100,'excellent','white','2digits'),(293,2,'2020-06-01 13:36:58',30,0,'123452',100,'excellent','white','2digit_arg'),(294,2,'2020-06-01 13:40:22',30,0,'184104',100,'excellent','white','3digits'),(295,2,'2020-06-01 13:43:55',30,0,'179948',100,'excellent','white','comp_expr'),(296,2,'2020-06-01 14:02:27',30,0,'120325',100,'excellent','white','2digit_arg'),(297,2,'2020-06-01 14:08:06',29,1,'262744',97,'quite_good','orange','linedigits'),(298,2,'2020-06-01 16:35:17',30,0,'164298',100,'excellent','orange','linedigits'),(299,2,'2020-06-01 16:38:25',30,0,'73718',100,'excellent','#3f51b5','2digits'),(300,2,'2020-06-01 16:40:31',30,0,'100725',100,'excellent','#3f51b5','2digits'),(301,2,'2020-06-01 16:56:31',30,0,'104314',100,'excellent','#3f51b5','2digit_arg'),(302,2,'2020-06-01 16:59:05',29,1,'97197',97,'quite_good','#3f51b5','2digits'),(303,2,'2020-06-01 17:01:24',30,0,'71718',100,'excellent','orange','comp_nums'),(304,2,'2020-06-01 17:04:42',30,0,'117719',100,'excellent','orange','2digits'),(305,1,'2020-06-05 15:54:52',30,0,'1056598',100,'excellent','white','2digit_arg'),(306,1,'2020-06-05 16:07:42',29,1,'732724',97,'quite_good','white','2digits'),(307,1,'2020-06-05 16:20:46',30,0,'349419',100,'excellent','white','comp_expr'),(308,1,'2020-06-05 16:33:05',0,2,'662967',0,'really_bad','orange','2digits'),(309,1,'2020-06-07 10:23:12',30,0,'1552384',100,'excellent','white','2digits'),(310,1,'2020-06-07 10:35:03',0,1,'605508',0,'really_bad','orange','2digits'),(311,1,'2020-06-08 17:52:26',2,0,'17805',100,'excellent','black','digit_2column'),(312,6,'2020-06-09 10:47:29',2,0,'5922',100,'excellent','white','2digits'),(313,4,'2020-06-09 10:54:26',2,0,'4592',100,'excellent','white','2digit_arg'),(314,2,'2020-06-09 11:01:34',2,0,'14301',100,'excellent','black','digit_2column'),(315,1,'2020-06-09 11:15:13',2,0,'24014',100,'excellent','black','digit_2column'),(316,9,'2020-06-09 13:29:12',2,0,'4097',100,'excellent','white','linedigits'),(317,9,'2020-06-09 13:39:56',2,0,'4891',100,'excellent','white','comp_nums'),(318,9,'2020-06-09 13:40:59',2,0,'4196',100,'excellent','white','2digits'),(319,9,'2020-06-09 13:41:25',2,0,'4498',100,'excellent','white','2digits'),(320,9,'2020-06-09 13:42:21',2,0,'5287',100,'excellent','white','2digits'),(321,1,'2020-06-11 15:43:35',28,2,'536031',93,'good','white','3digits'),(322,1,'2020-06-11 16:18:43',27,3,'1761685',90,'well','white','3digits'),(323,9,'2020-06-12 13:14:04',2,0,'4487',100,'excellent','navy','2digits'),(324,10,'2020-06-12 13:57:30',2,0,'152088',100,'excellent','green','comp_expr'),(325,10,'2020-06-13 20:11:25',2,0,'5710',100,'excellent','orange','linedigits'),(326,10,'2020-06-13 20:11:43',1,1,'5393',50,'quite_bad','orange','comp_nums'),(327,9,'2020-06-13 20:13:50',2,0,'8464',100,'excellent','orange','linedigits'),(328,11,'2020-06-13 22:17:34',0,1,'10366',0,'really_bad','white','linedigits'),(329,11,'2020-06-13 22:17:57',0,2,'8989',0,'really_bad','white','linedigits'),(330,2,'2020-06-16 13:13:01',30,0,'87808',100,'excellent','orange','2digits'),(331,2,'2020-06-16 13:13:30',0,1,'29071',0,'really_bad','orange','2digits'),(332,2,'2020-06-18 15:02:04',30,0,'127881',100,'excellent','green','2digits'),(333,2,'2020-06-18 15:05:15',29,1,'87359',97,'quite_good','navy','2digits'),(334,2,'2020-06-18 15:08:42',29,1,'199319',97,'quite_good','navy','2digits'),(335,9,'2020-06-18 15:11:18',0,1,'3422',0,'really_bad','orange','2digits'),(336,2,'2020-06-18 15:12:54',30,0,'97365',100,'excellent','navy','2digits'),(337,2,'2020-06-18 15:29:00',30,0,'122672',100,'excellent','orange','2digits'),(338,9,'2020-06-18 15:35:26',0,1,'3436',0,'really_bad','orange','2digits'),(339,2,'2020-06-18 16:16:05',30,0,'115071',100,'excellent','orange','2digits'),(340,9,'2020-06-18 16:22:20',0,1,'3150',0,'really_bad','orange','2digits'),(341,2,'2020-06-18 16:24:09',30,0,'160015',100,'excellent','orange','2digits'),(342,2,'2020-06-18 16:30:59',30,0,'325081',100,'excellent','orange','2digits'),(343,2,'2020-06-18 16:50:45',30,0,'147669',100,'excellent','green','2digits'),(344,2,'2020-06-18 19:07:32',30,0,'274804',100,'excellent','green','2digits'),(345,1,'2020-06-18 19:08:28',29,1,'505671',97,'quite_good','white','2digit_arg'),(346,9,'2020-06-19 20:02:59',0,1,'25750',0,'really_bad','black','line_2numbers_fr'),(347,9,'2020-06-19 20:05:23',0,1,'144024',0,'really_bad','black','line_2numbers_fr'),(348,1,'2020-06-20 12:57:28',27,3,'558212',90,'well','orange','2digits'),(349,1,'2020-06-20 13:00:26',0,1,'85593',0,'really_bad','green','2digits'),(350,9,'2020-06-22 16:34:34',30,0,'100811',100,'excellent','white','2digit_arg'),(351,2,'2020-06-22 16:38:19',30,0,'141331',100,'excellent','green','comp_expr'),(352,7,'2020-06-24 16:07:37',0,1,'12856',0,'really_bad','white','2digits'),(353,7,'2020-06-24 16:10:49',0,2,'7217',0,'really_bad','white','comp_expr'),(354,11,'2020-06-24 16:13:48',0,15,'107127',0,'really_bad','white','3digits'),(355,8,'2020-06-24 16:31:53',0,1,'5258',0,'really_bad','white','2digit_arg'),(356,1,'2020-06-26 15:33:00',29,1,'620644',97,'quite_good','orange','linedigits'),(357,1,'2020-06-26 15:45:43',29,1,'749881',97,'quite_good','orange','linedigits'),(358,1,'2020-06-26 15:48:24',30,0,'141514',100,'excellent','orange','comp_nums'),(359,1,'2020-06-26 16:00:58',29,1,'649396',97,'quite_good','orange','2digits'),(360,1,'2020-06-26 16:12:49',30,0,'634954',100,'excellent','orange','linedigits'),(361,10,'2020-07-04 22:47:28',0,1,'8373',0,'really_bad','orange','comp_nums'),(362,10,'2020-07-04 22:55:00',2,0,'4705',100,'excellent','orange','comp_nums'),(363,10,'2020-07-05 19:15:14',4,1,'43437',80,'not_well','orange','linedigits'),(364,9,'2020-07-06 17:25:38',5,0,'21063',100,'excellent','white','2digit_arg'),(365,9,'2020-07-06 17:44:08',0,1,'87227',0,'really_bad','white','2digits'),(366,9,'2020-07-06 17:44:42',0,1,'34137',0,'really_bad','white','2digits'),(367,9,'2020-07-07 18:28:14',5,0,'14904',100,'excellent','white','comp_nums'),(368,9,'2020-07-07 18:28:35',5,0,'9839',100,'excellent','white','linedigits'),(369,10,'2020-07-07 20:46:34',5,0,'11601',100,'excellent','white','linedigits'),(370,10,'2020-07-07 20:46:49',5,0,'10273',100,'excellent','white','comp_nums'),(371,10,'2020-07-07 20:47:17',5,0,'15170',100,'excellent','orange','linedigits'),(372,10,'2020-07-07 20:47:31',0,1,'6902',0,'really_bad','white','comp_nums'),(373,10,'2020-07-07 20:47:38',0,1,'6981',0,'really_bad','white','comp_nums'),(374,10,'2020-07-07 20:51:59',0,1,'9373',0,'really_bad','white','2digits'),(375,10,'2020-07-07 20:52:42',5,0,'16391',100,'excellent','white','3digits'),(376,10,'2020-07-07 20:53:13',0,1,'13256',0,'really_bad','green','2digits'),(377,10,'2020-07-07 20:53:34',5,0,'19057',100,'excellent','green','2digits'),(378,10,'2020-07-07 20:54:00',5,0,'11218',100,'excellent','orange','linedigits'),(379,10,'2020-07-07 20:54:52',5,0,'10219',100,'excellent','white','linedigits'),(380,10,'2020-07-07 20:55:25',5,0,'30144',100,'excellent','white','linedigits'),(381,10,'2020-07-07 20:56:53',5,0,'76919',100,'excellent','white','linedigits'),(382,10,'2020-07-07 20:57:22',4,1,'19874',80,'not_well','white','linedigits'),(383,10,'2020-07-07 22:13:18',5,0,'28669',100,'excellent','white','2digits'),(384,10,'2020-07-07 22:13:57',5,0,'18754',100,'excellent','green','digit_2column'),(385,11,'2020-07-07 22:24:08',0,1,'32878',0,'really_bad','white','2digit_arg'),(386,11,'2020-07-07 22:26:05',30,0,'99830',100,'excellent','white','2digit_arg'),(387,9,'2020-07-08 12:19:10',1,0,'3377',100,'excellent','navy','2digits'),(388,9,'2020-07-08 12:28:30',1,0,'4289',100,'excellent','navy','2digits'),(389,9,'2020-07-08 13:51:27',1,0,'4975588',100,'excellent','navy','2digits'),(390,9,'2020-07-08 15:18:10',1,0,'13283',100,'excellent','navy','2digits'),(391,9,'2020-07-08 15:20:09',1,0,'2451',100,'excellent','navy','line_5numbers'),(392,9,'2020-07-08 15:21:08',1,0,'56638',100,'excellent','navy','line_5numbers'),(393,9,'2020-07-08 15:21:50',1,0,'38442',100,'excellent','navy','line_5numbers'),(394,9,'2020-07-08 15:23:56',1,0,'3981',100,'excellent','navy','2digits'),(395,9,'2020-07-08 15:25:06',1,0,'3493',100,'excellent','navy','2digits'),(396,9,'2020-07-08 15:31:00',1,0,'2364',100,'excellent','white','linedigits'),(397,9,'2020-07-08 15:31:08',1,0,'3113',100,'excellent','white','3digits'),(398,10,'2020-07-08 19:48:14',1,0,'4170',100,'excellent','navy','2digit_arg'),(399,10,'2020-07-08 19:48:39',1,0,'2508',100,'excellent','orange','2digits'),(400,10,'2020-07-08 19:55:46',1,0,'2363',100,'excellent','navy','3digits'),(401,10,'2020-07-08 19:57:33',1,0,'2311',100,'excellent','navy','2digit_arg'),(402,10,'2020-07-08 19:58:00',1,0,'26694',100,'excellent','navy','2digit_arg'),(403,10,'2020-07-08 19:58:33',0,1,'30745',0,'really_bad','navy','2digit_arg'),(404,10,'2020-07-08 19:58:39',1,0,'5617',100,'excellent','navy','2digit_arg'),(405,10,'2020-07-08 19:59:08',1,0,'27682',100,'excellent','navy','2digit_arg'),(406,10,'2020-07-08 20:00:38',1,0,'4541',100,'excellent','navy','2digits'),(407,10,'2020-07-08 20:00:51',1,0,'11767',100,'excellent','navy','2digits'),(408,10,'2020-07-08 20:01:06',1,0,'3939',100,'excellent','white','comp_expr'),(409,10,'2020-07-08 20:09:25',1,0,'2964',100,'excellent','white','2digits'),(410,10,'2020-07-08 20:09:43',1,0,'3429',100,'excellent','white','2digits'),(411,10,'2020-07-08 20:12:51',1,0,'2738',100,'excellent','green','digit_2column'),(412,10,'2020-07-08 20:12:58',1,0,'3019',100,'excellent','green','comp_expr'),(413,10,'2020-07-08 20:13:22',1,0,'4730',100,'excellent','green','comp_expr'),(414,10,'2020-07-08 20:13:47',1,0,'5246',100,'excellent','green','digit_2column'),(415,10,'2020-07-08 20:14:32',1,0,'2603',100,'excellent','navy','2digits'),(416,10,'2020-07-08 20:15:01',1,0,'4031',100,'excellent','brown','2digits_fr'),(417,10,'2020-07-08 20:15:18',1,0,'2919',100,'excellent','navy','2digits'),(418,10,'2020-07-08 20:15:30',1,0,'3682',100,'excellent','navy','2digits'),(419,10,'2020-07-08 20:16:01',1,0,'3502',100,'excellent','navy','3digits'),(420,10,'2020-07-08 20:16:10',1,0,'8110',100,'excellent','navy','3digits'),(421,10,'2020-07-08 20:16:37',1,0,'2974',100,'excellent','white','linedigits'),(422,10,'2020-07-08 20:18:17',1,0,'3386',100,'excellent','white','2digit_arg'),(423,10,'2020-07-08 20:19:39',1,0,'3405',100,'excellent','white','3digits'),(424,10,'2020-07-08 20:28:09',1,0,'2752',100,'excellent','white','linedigits'),(425,10,'2020-07-08 21:58:14',0,1,'6239',0,'really_bad','orange','linedigits'),(426,10,'2020-07-08 21:58:24',1,0,'2786',100,'excellent','orange','2digits'),(427,10,'2020-07-08 21:58:35',1,0,'3125',100,'excellent','orange','2digits'),(428,9,'2020-07-09 08:09:57',1,0,'2513',100,'excellent','white','linedigits'),(429,9,'2020-07-09 08:10:20',1,0,'3441',100,'excellent','white','comp_expr'),(430,9,'2020-07-09 08:10:43',1,0,'4101',100,'excellent','navy','2digits'),(431,9,'2020-07-09 08:11:11',1,0,'5542',100,'excellent','brown','2digits_fr'),(432,9,'2020-07-09 08:11:25',1,0,'4641',100,'excellent','brown','2digits_fr'),(433,9,'2020-07-09 08:11:33',1,0,'6454',100,'excellent','brown','2digits_fr'),(434,9,'2020-07-09 08:12:00',1,0,'8005',100,'excellent','green','2digits'),(435,9,'2020-07-09 08:12:14',1,0,'4084',100,'excellent','green','digit_2column'),(436,9,'2020-07-09 08:12:39',1,0,'2570',100,'excellent','white','comp_nums'),(437,10,'2020-07-09 09:44:39',1,0,'4027',100,'excellent','brown','2digits_fr'),(438,9,'2020-07-09 10:14:25',1,0,'2561',100,'excellent','white','2digits'),(439,1,'2020-07-09 14:09:19',0,1,'203741',0,'really_bad','white','2digit_arg'),(440,1,'2020-07-09 14:14:58',30,0,'321245',100,'excellent','white','3digits'),(441,1,'2020-07-09 14:40:43',0,1,'94906',0,'really_bad','orange','2digits'),(442,12,'2020-07-09 14:44:05',1,0,'2342',100,'excellent','white','linedigits'),(443,12,'2020-07-09 14:44:13',1,0,'3746',100,'excellent','white','comp_nums'),(444,12,'2020-07-09 14:44:22',1,0,'2211',100,'excellent','white','comp_nums'),(445,12,'2020-07-09 14:44:32',1,0,'2332',100,'excellent','orange','comp_nums'),(446,1,'2020-07-09 14:52:00',0,1,'128757',0,'really_bad','green','2digits'),(447,1,'2020-07-09 14:59:08',0,1,'228304',0,'really_bad','orange','2digits'),(448,1,'2020-07-09 15:07:43',0,1,'214377',0,'really_bad','orange','2digits'),(449,1,'2020-07-09 15:10:02',0,1,'12922',0,'really_bad','white','comp_nums'),(450,1,'2020-07-09 15:22:57',0,1,'295798',0,'really_bad','orange','2digit_arg'),(451,1,'2020-07-10 09:15:06',0,1,'51303',0,'really_bad','orange','2digit_arg'),(452,1,'2020-07-10 09:42:39',30,0,'469133',100,'excellent','orange','2digits'),(453,2,'2020-07-10 09:50:50',30,0,'110392',100,'excellent','white','3digits'),(454,1,'2020-07-10 09:56:18',30,0,'526144',100,'excellent','green','2digits'),(455,2,'2020-07-10 10:03:02',30,0,'136641',100,'excellent','orange','2digits'),(456,2,'2020-07-10 10:05:20',30,0,'130455',100,'excellent','orange','2digits'),(457,1,'2020-07-10 10:12:18',30,0,'198682',100,'excellent','green','comp_expr'),(458,2,'2020-07-10 10:13:39',30,0,'207162',100,'excellent','orange','2digits'),(459,1,'2020-07-10 10:15:24',30,0,'170541',100,'excellent','green','comp_expr'),(460,2,'2020-07-10 10:22:18',28,2,'442894',93,'good','navy','2digits'),(461,2,'2020-07-10 10:26:41',29,1,'256461',97,'quite_good','navy','2digits'),(462,2,'2020-07-10 10:30:55',27,3,'244518',90,'well','navy','2digits'),(463,2,'2020-07-10 10:39:48',29,1,'228881',97,'quite_good','brown','2digits_fr'),(464,1,'2020-07-10 10:49:20',30,0,'342492',100,'excellent','navy','2digits'),(465,2,'2020-07-10 11:31:54',28,2,'3123694',93,'good','brown','2digits_fr'),(466,1,'2020-07-10 12:08:47',0,1,'1689235',0,'really_bad','orange','2digits'),(467,2,'2020-07-10 13:31:57',27,3,'6836690',90,'well','brown','2digits_fr'),(468,2,'2020-07-10 13:38:05',27,3,'365042',90,'well','brown','2digits_fr'),(469,2,'2020-07-10 16:27:16',0,1,'5207289',0,'really_bad','white','comp_expr'),(470,2,'2020-07-13 08:37:31',30,0,'223940',100,'excellent','navy','2digits'),(471,2,'2020-07-13 08:42:00',30,0,'184205',100,'excellent','navy','3digits'),(472,2,'2020-07-13 08:45:43',30,0,'148935',100,'excellent','navy','3digits'),(473,2,'2020-07-13 08:49:04',28,2,'186208',93,'good','navy','3digits'),(474,2,'2020-07-13 09:03:57',29,1,'660641',97,'quite_good','navy','2digits'),(475,9,'2020-07-13 17:57:34',1,0,'7351',100,'excellent','black','line_2numbers_signed'),(476,12,'2020-07-13 20:07:22',1,0,'3627',100,'excellent','orange','linedigits'),(477,12,'2020-07-13 20:07:42',1,0,'2680',100,'excellent','orange','2digits'),(478,12,'2020-07-13 20:09:09',250,0,'2818',100,'excellent','orange','comp_nums'),(479,12,'2020-07-13 20:09:20',250,0,'3704',100,'excellent','green','comp_expr'),(480,12,'2020-07-13 20:09:38',250,0,'3328',100,'excellent','green','comp_expr'),(481,9,'2020-07-13 20:10:13',250,0,'4438',100,'excellent','black','digit_2column'),(482,6,'2020-07-13 20:12:02',300,0,'3007',100,'excellent','black','2digit_arg'),(483,6,'2020-07-13 20:12:28',1,0,'3870',100,'excellent','orange','linedigits'),(484,6,'2020-07-13 20:12:37',1,0,'3041',100,'excellent','green','comp_expr'),(485,9,'2020-07-14 20:18:10',1,0,'2749',100,'excellent','white','linedigits'),(486,9,'2020-07-14 20:36:23',1,0,'3410',100,'excellent','orange','linedigits'),(487,2,'2020-07-15 07:59:19',30,0,'270827',100,'excellent','navy','2digits'),(488,1,'2020-07-15 08:05:11',0,1,'471112',0,'really_bad','green','2digits'),(489,1,'2020-07-15 08:17:48',0,1,'3682',0,'really_bad','navy','2digits'),(490,2,'2020-07-15 13:07:05',30,0,'200716',100,'excellent','brown','2digits_fr'),(491,2,'2020-07-15 13:26:07',30,0,'1138274',100,'excellent','brown','2digits_fr'),(492,2,'2020-07-15 13:32:35',29,1,'334062',97,'quite_good','brown','2digits_fr'),(493,2,'2020-07-15 13:36:38',29,1,'224697',97,'quite_good','brown','2digits_fr'),(494,2,'2020-07-15 13:41:30',30,0,'289841',100,'excellent','brown','2digits_fr'),(495,2,'2020-07-15 13:54:39',30,0,'786997',100,'excellent','brown','2digits_fr'),(496,2,'2020-07-15 13:58:33',29,1,'211453',97,'quite_good','brown','2digits_fr'),(497,9,'2020-07-21 20:35:32',0,1,'6805',0,'really_bad','white','comp_expr'),(498,9,'2020-07-23 20:14:43',30,0,'76321',100,'excellent','white','comp_expr'),(499,11,'2020-07-23 22:36:10',0,2,'19361',0,'really_bad','black','2digits'),(500,9,'2020-07-24 10:47:20',0,1,'7994',0,'really_bad','orange','2digits'),(501,9,'2020-07-24 10:52:36',0,1,'7526',0,'really_bad','navy','3digits'),(502,8,'2020-07-25 13:51:09',0,3,'140730',0,'really_bad','orange','2digits'),(503,8,'2020-07-25 13:53:56',30,0,'146606',100,'excellent','orange','2digits'),(504,9,'2020-07-27 13:06:54',0,2,'64637',0,'really_bad','black','line_3numbers'),(505,2,'2020-07-31 13:01:31',0,1,'7860',0,'really_bad','green','comp_expr'),(506,1,'2020-08-29 14:12:49',28,2,'177903',93,'good','green','comp_expr'),(507,12,'2020-08-31 21:43:33',0,10,'45524',0,'really_bad','white','2digits'),(508,1,'2020-09-05 14:25:54',29,1,'608096',97,'quite_good','white','3digits'),(509,1,'2020-09-05 14:49:47',0,1,'251570',0,'really_bad','orange','2digits'),(510,1,'2020-09-05 15:39:11',30,0,'456905',100,'excellent','orange','2digits'),(511,1,'2020-09-07 16:57:55',30,0,'418674',100,'excellent','orange','2digits'),(512,1,'2020-09-07 17:10:59',30,0,'452170',100,'excellent','orange','2digits'),(513,1,'2020-09-16 12:58:48',30,0,'542888',100,'excellent','orange','2digits'),(514,1,'2020-09-17 17:34:07',28,2,'3366343',93,'good','orange','2digit_arg'),(515,1,'2020-09-17 17:41:10',0,1,'68436',0,'really_bad','orange','2digits'),(516,1,'2020-09-17 17:55:37',30,0,'856474',100,'excellent','orange','2digits');
/*!40000 ALTER TABLE `results` ENABLE KEYS */;
UNLOCK TABLES;

--
-- Table structure for table `scores`
--

DROP TABLE IF EXISTS `scores`;
/*!40101 SET @saved_cs_client     = @@character_set_client */;
/*!40101 SET character_set_client = utf8 */;
CREATE TABLE `scores` (
  `ID` bigint(20) NOT NULL AUTO_INCREMENT,
  `USERID` bigint(20) NOT NULL,
  `SCORE` bigint(20) NOT NULL,
  PRIMARY KEY (`ID`),
  KEY `USERID` (`USERID`)
) ENGINE=MyISAM AUTO_INCREMENT=13 DEFAULT CHARSET=utf8;
/*!40101 SET character_set_client = @saved_cs_client */;

--
-- Dumping data for table `scores`
--

LOCK TABLES `scores` WRITE;
/*!40000 ALTER TABLE `scores` DISABLE KEYS */;
INSERT INTO `scores` VALUES (1,8,526),(2,7,720),(3,6,668),(4,5,346),(5,4,750),(6,3,36),(7,2,1009),(8,1,178),(9,9,23),(10,10,-276),(11,11,-600),(12,12,605);
/*!40000 ALTER TABLE `scores` ENABLE KEYS */;
UNLOCK TABLES;

--
-- Table structure for table `tasks`
--

DROP TABLE IF EXISTS `tasks`;
/*!40101 SET @saved_cs_client     = @@character_set_client */;
/*!40101 SET character_set_client = utf8 */;
CREATE TABLE `tasks` (
  `ID` bigint(20) NOT NULL AUTO_INCREMENT,
  `LANG` varchar(3) NOT NULL,
  `LEVEL` varchar(32) DEFAULT '',
  `DESCRIPTION` varchar(1024) NOT NULL,
  `RESULT` varchar(128) NOT NULL,
  `UNITS` varchar(128) DEFAULT '',
  `IMAGE` varchar(128) DEFAULT '',
  PRIMARY KEY (`ID`)
) ENGINE=MyISAM AUTO_INCREMENT=23 DEFAULT CHARSET=utf8;
/*!40101 SET character_set_client = @saved_cs_client */;

--
-- Dumping data for table `tasks`
--

LOCK TABLES `tasks` WRITE;
/*!40000 ALTER TABLE `tasks` DISABLE KEYS */;
INSERT INTO `tasks` VALUES (1,'ru','task_1','Вычисли разность 52 и 19','33','','difference.png'),(2,'ru','task_1','Периметр квадрата равен 24 см. Чему равна сторона квадрата?','6','см','perimeter.jpg'),(3,'ru','task_1','Чему равен периметр квадрата, если длина одной его стороны 7см?','28','см','perimeter.jpg'),(4,'ru','task_1','Сколько углов у прямоугольника?','4','','chetirehugolnik.jpg'),(5,'ru','task_1','Сколько сторон у прямоугольника?','4','','chetirehugolnik.jpg'),(6,'ru','task_1','Сколько сторон у трапеции?','4','','chetirehugolnik.jpg'),(7,'ru','task_1','Сколько сторон у ромба?','4','','chetirehugolnik.jpg'),(8,'ru','task_1','Сколько сторон у параллелограмма?','4','','chetirehugolnik.jpg'),(9,'ru','task_1','Сколько углов у круга?','0','','krugs.jpg'),(10,'ru','task_1','Сколько углов у овала?','0','','krugs.jpg'),(11,'ru','task_1','Чему равно уменьшаемое если разность 13 и вычитаемое 7','20','','difference.png'),(12,'ru','task_1','Чему равно вычитаемое если разность 53 и уменьшаемое 78','25','','difference.png'),(13,'ru','task_2','На часах 3 часа 15 минут, сколько градусов между стрелками?','90','градусов','clock.jpg'),(14,'ru','task_2','На часах 6 часа 00 минут, сколько градусов между стрелками?','180','градусов','clock.jpg'),(15,'ru','task_2','На часах 4 часа 50 минут, сколько градусов между стрелками?','180','градусов','clock.jpg'),(16,'ru','task_1','Уменьшаемое 80, разность 54. Чему равно вычитаемое?','26','','solving.jpg'),(17,'ru','task_1','Сумму чисел 9 и 24 увеличить на 13. Ответ?','46','','solving.jpg'),(18,'ru','task_1','Из 8 десятков вычесть разность чисел 28 и 15. Ответ?','67','','solving.jpg'),(19,'ru','task_1','Сколько крыльев у 6 бабочек?','24','','butterfly.png'),(20,'ru','task_1','Вычисли периметр прямоугольника, если ширина 3 см, что на 5см меньше длины?','22','','perimeter.jpg'),(21,'ru','task_1','Периметр квадрата равен 20 см. Чему равна сторона квадрата?','5','','perimeter.jpg'),(22,'ru','task_1','Реши цепочку: 57 - 14 + 17 - 20 + 15 = ?','55','','chain.jpg');
/*!40000 ALTER TABLE `tasks` ENABLE KEYS */;
UNLOCK TABLES;

--
-- Table structure for table `users`
--

DROP TABLE IF EXISTS `users`;
/*!40101 SET @saved_cs_client     = @@character_set_client */;
/*!40101 SET character_set_client = utf8 */;
CREATE TABLE `users` (
  `ID` bigint(20) NOT NULL AUTO_INCREMENT,
  `NAME` varchar(64) NOT NULL,
  `BIRTHDAY` varchar(64) NOT NULL,
  `EMAIL` varchar(255) NOT NULL,
  `SURNAME` varchar(64) DEFAULT '',
  `PSWDHASH` varchar(32) DEFAULT '',
  `USERGROUP` enum('GUEST','USER','PAID','ADMIN','FAKE') NOT NULL DEFAULT 'USER',
  `CREATION_DATE` datetime NOT NULL,
  `LANG` varchar(20) DEFAULT 'en',
  `BELT` varchar(20) DEFAULT '',
  `PASSED` bigint(20) DEFAULT '0',
  `FAILED` bigint(20) DEFAULT '0',
  `CARDS` int(20) DEFAULT '0',
  `AVATAR` varchar(64) DEFAULT 'martin',
  `SOLVED` varchar(1024) DEFAULT '',
  `SUBSCR` tinyint(1) DEFAULT '0',
  `LEVEL` varchar(20) DEFAULT 'NONE',
  PRIMARY KEY (`ID`),
  UNIQUE KEY `EMAIL_IX` (`EMAIL`)
) ENGINE=MyISAM AUTO_INCREMENT=13 DEFAULT CHARSET=utf8;
/*!40101 SET character_set_client = @saved_cs_client */;

--
-- Dumping data for table `users`
--

LOCK TABLES `users` WRITE;
/*!40000 ALTER TABLE `users` DISABLE KEYS */;
INSERT INTO `users` VALUES (1,'Sergei','2014-01-28','volokitin@bk.ru','Volokitin','932dead244625bcf80d74bd69ba4f23b','USER','2020-01-31 13:13:13','ru','orange',268,3,16,'chief','orange2,orange1,,orange4,green3,green1,navy1,orange3,orange5,orange6,orange7,orange10,',0,'white'),(12,'Artem','2010-08-07','voronov@test.com','Voronov','932dead244625bcf80d74bd69ba4f23b','GUEST','2020-07-09 14:42:16','ru','white',605,0,6,'boy',',,green1,green2,',0,'orange'),(2,'Roman','2009-07-07','yuri.volokitin@bk.ru','Volokitin','932dead244625bcf80d74bd69ba4f23b','USER','2020-01-31 13:13:13','nl','green',1009,0,29,'king','brown1,',0,'navy'),(3,'Hem','2010-09-13','Alisha@lb.com','Subbaiyan','932dead244625bcf80d74bd69ba4f23b','USER','2020-01-31 13:13:13','en','',276,8,4,'clown','white1,white2,white3,white4,',0,'NONE'),(4,'Jash','2010-09-13','Jash@lb.com','Kshatriya','932dead244625bcf80d74bd69ba4f23b','USER','2020-01-31 13:13:13','en','white',810,2,5,'solder','white1,white2,white3,white4,white6,',0,'NONE'),(5,'Kashvi','2010-09-13','Kashvi@lg.com','Singh','932dead244625bcf80d74bd69ba4f23b','USER','2020-01-31 13:13:13','en','',466,4,4,'Irish','white1,white2,white3,white4,',0,'NONE'),(6,'Ananya','2010-10-18','Ananya@lg.com','Singh','932dead244625bcf80d74bd69ba4f23b','USER','2020-01-31 13:13:13','en','black',818,5,8,'lady','',0,'green'),(7,'Pavati','2010-07-02','Pavati@lb.com','Agarwal','932dead244625bcf80d74bd69ba4f23b','USER','2020-01-31 13:13:13','en','',840,4,4,'princess','white1,white2,white3,white4,',0,'NONE'),(8,'Taara','2010-07-02','Taara@lb.com','Banerjee','932dead244625bcf80d74bd69ba4f23b','USER','2020-01-31 13:13:13','en','orange',556,1,4,'lumberjack',',',0,'orange'),(9,'Yury','1983-12-19','Yury_Volokitin@epam.com','Volokitin','932dead244625bcf80d74bd69ba4f23b','GUEST','2020-06-09 13:28:10','ru','black',23,0,18,'confederate','',0,'black'),(10,'Dasha','1983-05-04','vo_da2@bk.ru','Volokitina','932dead244625bcf80d74bd69ba4f23b','GUEST','2020-06-12 13:53:42','ru','brown',24,10,18,'Indian','',0,'brown'),(11,'Tester','2006-07-07','vo_da@bk.ru','Testerov','5e4ac8574b4d71b1757486d81b42d6f2','GUEST','2020-06-13 20:15:14','ru','black',30,21,1,'clown','whiteT,',0,'NONE');
/*!40000 ALTER TABLE `users` ENABLE KEYS */;
UNLOCK TABLES;
/*!40103 SET TIME_ZONE=@OLD_TIME_ZONE */;

/*!40101 SET SQL_MODE=@OLD_SQL_MODE */;
/*!40014 SET FOREIGN_KEY_CHECKS=@OLD_FOREIGN_KEY_CHECKS */;
/*!40014 SET UNIQUE_CHECKS=@OLD_UNIQUE_CHECKS */;
/*!40101 SET CHARACTER_SET_CLIENT=@OLD_CHARACTER_SET_CLIENT */;
/*!40101 SET CHARACTER_SET_RESULTS=@OLD_CHARACTER_SET_RESULTS */;
/*!40101 SET COLLATION_CONNECTION=@OLD_COLLATION_CONNECTION */;
/*!40111 SET SQL_NOTES=@OLD_SQL_NOTES */;

-- Dump completed on 2020-09-23  8:34:31
